,0
0,text
1,The fourth flight of Starship brought us closer to a rapidly reusable future
2,ğŸ‡ºğŸ‡¸ğŸ‡ºğŸ‡¸ Happy Independence Day! ğŸ‡ºğŸ‡¸ğŸ‡ºğŸ‡¸
3,Happy 4th ğŸ‡ºğŸ‡¸ğŸ‡ºğŸ‡¸  ğŸ“¸ @JustonBrazda
4,
5,Yeah!!
6,â€œIâ€™m nauseatingly pro America. I would have come here from any country. The United States are where great things are possible.â€ Elon Musk
7,"The most American-made cars are S3XY  To honor those who have served our country, members of the US military + their spouses are eligible for the Tesla Military Purchase Program on a new Model S, 3, X or Y  â†’ tesla.com/military-recognitiâ€¦"
8,"Tesla Semi hauling a huge load with 2 Model Xs, Model S and Model 3. Itâ€™s great to see Teslas vertical integration."
9,"With over 100 Direct to Cell satellites now launched, and 100s more planned to be launched this year, excited to provide ubiquitous connectivity to our customers starting with @TMobile in the US this year!"
10,More satellites capable of providing Internet directly to mobile phones
